"","YEAR","SPECIES","Abbrev","piC","vpiC","piP","vpiP","HiC","SEHiC","HiP","SEHiP","Hi","SEHi","pi","SEpi"
"1",1996,"Black","BLK",0.71264367816092,0.000471849461147915,0.603864734299517,0.00116122386878102,11998.0689655172,605.083135203316,13402.7777777778,932.514820372591,26555.3378995434,1037.99154852791,0.680365296803653,0.0157650013713535
"2",1996,"China","CHI",0.0206896551724138,4.66856989429963e-05,0,0,348.331034482759,115.791924869974,0,0,401.003424657534,133.587453460645,0.0102739726027397,0.00340896600824488
"3",1996,"Copper","COP",0.00459770114942529,1.05450744091379e-05,0.0821256038647343,0.000365927131332947,77.4068965517241,54.7162009059678,1822.77777777778,430.678208700865,1247.56621004566,235.289163298069,0.0319634703196347,0.00594660113099533
"4",1996,"DuskyDrk","DUSDRK",0.0390804597701149,8.65280586043119e-05,0.14975845410628,0.000618110968592123,657.958620689655,158.701945805305,3323.88888888889,567.754567980086,2940.69178082192,360.202316884666,0.0753424657534247,0.00892290654808454
"5",1996,"Northern","NOR",0.00229885057471264,5.28471396485665e-06,0.00483091787439614,2.33377675091601e-05,38.7034482758621,38.7034482758621,107.222222222222,107.222222222222,89.1118721461187,63.0068753745999,0.00228310502283105,0.00161347626633951
"6",1996,"Quill","QUI",0.0275862068965517,6.1809235220305e-05,0.0869565217391304,0.00038541303430176,464.441379310345,133.566857159057,1930,442.42005359777,2049.57305936073,301.169774860292,0.0525114155251142,0.00754066816021445
"7",1996,"Shortrkr","SRAK",0,0,0.00483091787439614,2.33377675091601e-05,0,0,107.222222222222,107.222222222222,44.5559360730594,44.5559360730594,0.00114155251141553,0.00114155251141553
"8",1996,"Silvergr","SGRY",0,0,0.00966183574879227,4.64489547512409e-05,0,0,214.444444444444,151.393477856764,89.1118721461187,63.0068753745999,0.00228310502283105,0.00161347626633951
"9",1996,"Tiger","TIG",0.00229885057471264,5.28471396485665e-06,0,0,38.7034482758621,38.7034482758621,0,0,89.1118721461187,63.0068753745999,0.00228310502283105,0.00161347626633951
"10",1996,"Yelleye","YEYE",0.190804597701149,0.000355756228565097,0.0531400966183575,0.000244253527911403,3212.38620689655,342.564262360453,1179.44444444444,349.907550186144,5480.3801369863,489.599500373887,0.14041095890411,0.0117446995472724
"11",1996,"Yelltail","YTAL",0,0,0.00483091787439614,2.33377675091601e-05,0,0,107.222222222222,107.222222222222,44.5559360730594,44.5559360730594,0.00114155251141553,0.00114155251141553
"12",1997,"Black","BLK",0.492254733218589,0.000430931053176698,0.57556270096463,0.000788033155557838,6970.32702237522,439.100108447281,15033.1221864952,920.472555988918,21771.3946615825,906.645658655759,0.540514775977121,0.0153942636079184
"13",1997,"Canary","CAN",0.00172117039586919,2.96242753161651e-06,0,0,24.3717728055077,24.3717728055077,0,0,76.7950428979981,54.3014944524757,0.00190657769304099,0.00134751065884743
"14",1997,"China","CHI",0.0206540447504303,3.48749227342716e-05,0,0,292.461273666093,84.645926063008,0,0,537.565300285987,143.642812224105,0.0133460438512869,0.00354468839337297
"15",1997,"Copper","COP",0.00344234079173838,5.91463979588261e-06,0.0610932475884244,0.000185035040927496,48.7435456110155,34.4750524558589,1595.69453376206,359.937851214141,844.745471877979,180.044532657339,0.0209723546234509,0.00442629579131931
"16",1997,"DuskyDrk","DUSDRK",0.0550774526678141,8.9730908405929e-05,0.0996784565916399,0.000289492457687576,779.896729776248,138.875939794547,2603.50160771704,454.457035315686,2879.81410867493,332.169052379618,0.0714966634890372,0.00795891709082094
"17",1997,"Quill","QUI",0.0154905335628227,2.62940981599341e-05,0.0353697749196141,0.00011006049658629,219.34595524957,73.2536974901944,923.823151125402,275.957634367867,1075.13060057197,203.099634710488,0.0266920877025739,0.00497892698178384
"18",1997,"Silvergr","SGRY",0.00688468158347676,1.17884185223636e-05,0.00643086816720257,2.06113293607053e-05,97.487091222031,48.7781608257121,167.967845659164,118.661416418663,230.385128693994,94.0473966378206,0.00571973307912297,0.00232949428803817
"19",1997,"Tiger","TIG",0.00344234079173838,5.91463979588261e-06,0,0,48.7435456110155,34.4750524558589,0,0,115.192564346997,66.5044956302785,0.00285986653956149,0.00164956844429723
"20",1997,"Yelleye","YEYE",0.401032702237522,0.000414147368919988,0.221864951768489,0.000556906112726629,5678.62306368331,391.924318219469,5794.89067524116,652.322651610059,12747.9771210677,696.211199203273,0.316491897044805,0.0143672116687718
"21",1998,"Black","BLK",0.565610859728507,0.000371140808286535,0.662011173184358,0.000626757366284112,7345.02262443439,394.563929374509,16779.3351955307,896.935822834653,24229.2567164179,904.760633287788,0.632089552238806,0.0131786243231624
"22",1998,"Canary","CAN",0.00904977375565611,1.35466395024585e-05,0,0,117.52036199095,48.0038194147158,0,0,171.635820895522,70.1075104627379,0.00447761194029851,0.00182456127530886
"23",1998,"China","CHI",0.00603318250377074,9.05858491336395e-06,0,0,78.3469079939668,39.1863556685458,0,0,257.453731343284,85.8913441721982,0.00671641791044776,0.00223210795672398
"24",1998,"Copper","COP",0.00150829562594268,2.27495569523784e-06,0.0139664804469274,3.85754001984677e-05,19.5867269984917,19.5867269984917,353.994413407821,157.877455337056,257.453731343284,85.8913441721982,0.00671641791044776,0.00223210795672398
"25",1998,"DuskyDrk","DUSDRK",0.0588235294117647,8.36303954672326e-05,0.111731843575419,0.000278005150438815,763.882352941176,122.828377068295,2831.95530726257,435.665082779959,2688.96119402985,280.091622087587,0.0701492537313433,0.00697955704389334
"26",1998,"Quill","QUI",0.0346907993966818,5.05851175738685e-05,0.0195530726256983,5.36995797663655e-05,450.494720965309,94.1612789601236,495.59217877095,186.546038919153,1144.23880597015,181.673502596699,0.0298507462686567,0.00465057427499818
"27",1998,"Shortrkr","SRAK",0.00603318250377074,9.05858491336395e-06,0,0,78.3469079939668,39.1863556685458,0,0,114.423880597015,57.2303036371568,0.00298507462686567,0.00149086437737924
"28",1998,"Silvergr","SGRY",0.00452488687782805,6.80424815191981e-06,0.0195530726256983,5.36995797663655e-05,58.7601809954751,33.9326555077012,495.59217877095,186.546038919153,486.301492537313,118.147200236964,0.0126865671641791,0.00305850571198866
"29",1998,"Tiger","TIG",0,0,0,0,0,0,0,0,57.2119402985075,40.4592796933763,0.00149253731343284,0.00105498908807287
"30",1998,"Yelleye","YEYE",0.313725490196078,0.000325229315705904,0.173184357541899,0.000401096739060781,4074.03921568627,288.83293324902,4389.53072625698,533.708580918626,8925.06268656716,521.826736404089,0.232835820895522,0.0115499144510386
"31",1999,"Black","BLK",0.484775641025641,0.000200295283796167,0.485627836611195,0.00037847491048413,7686.11778846154,388.503309346287,13241.1285930408,704.193359339596,21581.1320574163,768.203545950778,0.500478468899522,0.0109395784109902
"32",1999,"Canary","CAN",0.0016025641025641,1.28307609531778e-06,0,0,25.4086538461538,17.9747461137968,0,0,61.8961722488038,35.746896493201,0.00143540669856459,0.000828335636299658
"33",1999,"China","CHI",0.00801282051282051,6.37419023275849e-06,0.0136157337367625,2.03490083811698e-05,127.043269230769,40.3376201333456,371.246596066566,123.606320157967,536.433492822967,105.611914361658,0.0124401913875598,0.00242507968963936
"34",1999,"Copper","COP",0.0184294871794872,1.45066889990283e-05,0.0242057488653555,3.57876221018528e-05,292.199519230769,61.530369386869,659.993948562784,164.641944168046,1052.23492822967,148.484827067788,0.0244019138755981,0.00337581155073029
"35",1999,"DuskyDrk","DUSDRK",0.0737179487179487,5.47583101481689e-05,0.154311649016641,0.000197726612112737,1168.79807692308,126.766127796187,4207.46142208775,410.501126735407,4126.41148325359,300.684850099254,0.0956937799043062,0.00643621278678909
"36",1999,"Quill","QUI",0.0288461538461538,2.24651589851146e-05,0.0332829046898638,4.87502317352565e-05,457.355769230769,77.4218213761071,907.491679273827,192.892305207115,1217.29138755981,159.902381243021,0.0282296650717703,0.00362381035309608
"37",1999,"Redstrpe","RSTP",0,0,0,0,0,0,0,0,20.6320574162679,20.6320574162679,0.000478468899521531,0.000478468899521531
"38",1999,"Rosethrn","ROS",0,0,0.00151285930408472,2.2887432739557e-06,0,0,41.249621785174,41.249621785174,20.6320574162679,20.6320574162679,0.000478468899521531,0.000478468899521531
"39",1999,"Rougheye","REYE",0.00240384615384615,1.92306950883303e-06,0,0,38.1129807692308,22.0244120434829,0,0,61.8961722488038,35.746896493201,0.00143540669856459,0.000828335636299658
"40",1999,"Shortrkr","SRAK",0.00240384615384615,1.92306950883303e-06,0.00151285930408472,2.2887432739557e-06,38.1129807692308,22.0244120434829,41.249621785174,41.249621785174,82.5282296650718,41.2833820239439,0.00191387559808612,0.00095625042593937
"41",1999,"Silvergr","SGRY",0.0168269230769231,1.32668626597325e-05,0.0438729198184569,6.3557707159182e-05,266.790865384615,58.7421947568103,1196.23903177005,221.239149214745,1155.395215311,155.7125495343,0.0267942583732057,0.00353308415190336
"42",1999,"Tiger","TIG",0.00400641025641026,3.19996706757625e-06,0.00302571860816944,4.57055096223275e-06,63.5216346153846,28.4590256338528,82.499243570348,58.3273792486207,165.056459330144,58.4198295540901,0.00382775119617225,0.00135104511023012
"43",1999,"Yelleye","YEYE",0.358173076923077,0.000184350540409409,0.239031770045386,0.00027559936811266,5678.83413461538,318.147764463115,6517.44024205749,506.64991745628,13018.8282296651,566.827242559727,0.301913875598086,0.0100444652235597
"44",1999,"Yelltail","YTAL",0.000801282051282051,6.42052925706772e-07,0,0,12.7043269230769,12.7043269230769,0,0,20.6320574162679,20.6320574162679,0.000478468899521531,0.000478468899521531
"45",2000,"Black","BLK",0.266721044045677,0.000159657900986825,0.514240506329114,0.000395875131504739,5336.02120717781,326.437789861378,17457.4367088608,986.421202514807,20144.5685230024,865.04484833842,0.373365617433414,0.0106468080604451
"46",2000,"Canary","CAN",0,0,0,0,0,0,0,0,52.2556900726392,36.9604701857742,0.000968523002421308,0.000684683259260212
"47",2000,"China","CHI",0.00978792822185971,7.91193851672117e-06,0.00158227848101266,2.50360519147572e-06,195.817292006525,56.740624888316,53.7151898734177,53.7151898734177,391.917675544794,101.579927150698,0.00726392251815981,0.00186916507443546
"48",2000,"Copper","COP",0.0187601957585644,1.5027143521359e-05,0.0632911392405063,9.39546290556976e-05,375.31647634584,78.8476778042583,2148.60759493671,340.49344680096,1933.46053268765,229.209339717643,0.0358353510895884,0.00409144377472804
"49",2000,"DuskyDrk","DUSDRK",0.105220228384992,7.68562709580424e-05,0.174050632911392,0.000227824104745699,2105.03588907015,193.30999282804,5908.67088607595,566.92548575026,6767.11186440678,449.215156695732,0.125423728813559,0.0072901061585107
"50",2000,"Quill","QUI",0.034257748776509,2.70074738165507e-05,0.0332278481012658,5.0909284012401e-05,685.360522022838,107.231454382184,1128.01898734177,246.439730731262,1933.46053268765,229.209339717643,0.0358353510895884,0.00409144377472804
"51",2000,"Redstrpe","RSTP",0.000815660685154976,6.65302353307484e-07,0,0,16.3181076672104,16.3181076672104,0,0,26.1278450363196,26.1278450363196,0.000484261501210654,0.000484261501210654
"52",2000,"Rougheye","REYE",0.0032626427406199,2.65469216568733e-06,0,0,65.2724306688418,32.6698066382041,0,0,104.511380145278,52.2986027364552,0.00193704600484262,0.000967818878008044
"53",2000,"Shortrkr","SRAK",0.0905383360522023,6.72172618425312e-05,0.00158227848101266,2.50360519147572e-06,1811.30995106036,178.295415604134,53.7151898734177,53.7151898734177,2952.44648910412,286.134654791086,0.0547215496368039,0.00500615423783367
"54",2000,"Silvergr","SGRY",0.00734094616639478,5.94861769451173e-06,0.0316455696202532,4.85643859646004e-05,146.862969004894,49.0885732842765,1074.30379746835,240.486612919258,783.835351089588,144.240128156318,0.0145278450363196,0.00263370987227852
"55",2000,"Tiger","TIG",0.00489396411092985,3.97552100098839e-06,0.00158227848101266,2.50360519147572e-06,97.9086460032626,40.0395818296024,53.7151898734177,53.7151898734177,235.150605326877,78.5550685537502,0.00435835351089588,0.00144996629631539
"56",2000,"Yelleye","YEYE",0.452691680261011,0.000202254630925285,0.17879746835443,0.000232692446377935,9056.54975530179,451.657172867508,6069.8164556962,574.70315720191,18446.2585956416,817.348284885048,0.341888619854722,0.0104408817333798
"57",2000,"Yelltail","YTAL",0.00570962479608483,4.63430610675328e-06,0,0,114.226753670473,43.2624833470185,0,0,182.894915254237,69.2412699548177,0.00338983050847458,0.00127937188546452
"58",2001,"Black","BLK",0.410409556313993,0.00020663838804453,0.513385826771654,0.000394039147699746,10440.4087030717,496.484991455731,14144.2929133858,734.588205695503,23829.4777350192,887.935739442929,0.449697636063771,0.0116671304052678
"59",2001,"Canary","CAN",0.00170648464163823,1.45480149599153e-06,0,0,43.4112627986348,30.699203477354,0,0,58.2627817482133,41.2014308869061,0.00109950522264981,0.000777253744501549
"60",2001,"China","CHI",0.0145051194539249,1.22072766554674e-05,0.0015748031496063,2.48000496000992e-06,368.995733788396,89.6253759858669,43.3874015748031,43.3874015748031,524.36503573392,123.768472252769,0.00989554700384827,0.00232147211002294
"61",2001,"Copper","COP",0.0127986348122867,1.07897777619372e-05,0.0488188976377953,7.32422915949933e-05,325.584470989761,84.1730370648854,1345.0094488189,240.221458511196,1340.04398020891,198.316048104498,0.0252886201209456,0.00368216838747654
"62",2001,"DuskyDrk","DUSDRK",0.0742320819112628,5.86863193222736e-05,0.100787401574803,0.000142948424698111,1888.38993174061,204.041639099483,2776.7937007874,343.015008676282,4427.97141286421,363.633938293695,0.0835623969213854,0.00649022802481989
"63",2001,"Quill","QUI",0.0477815699658703,3.88543907237122e-05,0.0535433070866142,7.99312639634743e-05,1215.51535836177,163.244464610592,1475.17165354331,251.434944845244,2621.8251786696,278.400751993511,0.0494777350192413,0.00508614939887777
"64",2001,"Rougheye","REYE",0.00767918088737201,6.50743899937748e-06,0,0,195.350682593857,65.1644843398015,0,0,262.18251786696,87.4522429572099,0.00494777350192413,0.00164562510305712
"65",2001,"Shortrkr","SRAK",0.052901023890785,4.27860850231354e-05,0,0,1345.74914675768,171.860445996702,0,0,1806.14623419461,230.540423641593,0.034084661902144,0.00425551462097209
"66",2001,"Silvergr","SGRY",0.00511945392491468,4.34948344699005e-06,0.0330708661417323,5.04371986661954e-05,130.233788395904,53.1920105422509,911.135433070866,198.086340197182,786.54755360088,151.69779094177,0.0148433205057724,0.00283609808247313
"67",2001,"Tiger","TIG",0.00511945392491468,4.34948344699005e-06,0.0015748031496063,2.48000496000992e-06,130.233788395904,53.1920105422509,43.3874015748031,43.3874015748031,203.919736118747,77.1128287031346,0.00384826827927433,0.00145210652919336
"68",2001,"Yelleye","YEYE",0.366894197952218,0.000198362805688486,0.247244094488189,0.000293555918342121,9333.42150170649,467.410957802967,6811.82204724409,527.661009116855,17100.1264431006,739.363624835519,0.322704782847719,0.0109646498184289
"69",2001,"Yelltail","YTAL",0.000853242320819113,7.28022458036786e-07,0,0,21.7056313993174,21.7056313993174,0,0,29.1313908741067,29.1313908741067,0.000549752611324904,0.000549752611324904
"70",2002,"Black","BLK",0.437833037300178,0.000218786905554381,0.545582047685835,0.000348205445124672,12056.608348135,640.964565197473,18843.3127629734,928.965129678152,29789.2527173913,1080.72015930312,0.479891304347826,0.0116500458089816
"71",2002,"Bocaccio","BOC",0,0,0.00280504908835905,3.92862470220638e-06,0,0,96.8807854137447,68.5002436105165,67.4728260869565,47.7148787233421,0.00108695652173913,0.00076838532823553
"72",2002,"Canary","CAN",0,0,0.00140252454417952,1.96707509702598e-06,0,0,48.4403927068724,48.4403927068724,33.7364130434783,33.7364130434783,0.000543478260869565,0.000543478260869565
"73",2002,"China","CHI",0.00710479573712256,6.27050454636118e-06,0.00841514726507714,1.17195682044722e-05,195.644760213144,69.3641606667608,290.642356241234,118.612525165757,472.309782608696,126.380866302325,0.00760869565217391,0.00202630920261003
"74",2002,"Copper","COP",0.0133214920071048,1.16835820958306e-05,0.0336605890603086,4.56847665792438e-05,366.833925399645,95.2447296292993,1162.56942496494,236.924423693581,1315.72010869565,211.418545710199,0.021195652173913,0.00335877159945911
"75",2002,"DuskyDrk","DUSDRK",0.0799289520426288,6.53691685937742e-05,0.186535764375877,0.000213118220483966,2201.00355239787,240.11877806458,6442.57223001403,553.432906410736,7523.22010869565,513.970936693152,0.121195652173913,0.00761024702249326
"76",2002,"Quill","QUI",0.0390763765541741,3.33772563107293e-05,0.0603085553997195,7.95947100355596e-05,1076.04618117229,164.985015653694,2082.93688639551,316.705503849284,2935.06793478261,317.150363551491,0.0472826086956522,0.00494927854693738
"77",2002,"Rougheye","REYE",0.0186500888099467,1.62686782198469e-05,0.00140252454417952,1.96707509702598e-06,513.567495559503,112.962081652881,48.4403927068724,48.4403927068724,742.201086956522,158.542993847264,0.0119565217391304,0.0025345425829853
"78",2002,"Shortrkr","SRAK",0.0106571936056838,9.37210473789761e-06,0,0,293.467140319716,85.0883807775569,0,0,404.836956521739,116.98448273029,0.00652173913043478,0.00187702488800929
"79",2002,"Silvergr","SGRY",0.00799289520426288,7.04800784934804e-06,0.00561009817671809,7.83514743703044e-06,220.100355239787,73.6010441619192,193.761570827489,96.8603483548999,438.573369565217,121.772480564159,0.00706521739130435,0.00195313499817811
"80",2002,"Tiger","TIG",0.0044404973357016,3.92958161698953e-06,0.00140252454417952,1.96707509702598e-06,122.277975133215,54.7717456934008,48.4403927068724,48.4403927068724,202.41847826087,82.6749733158984,0.00326086956521739,0.00132943345407244
"81",2002,"Yelleye","YEYE",0.380994671403197,0.000209633539347171,0.152875175315568,0.000181888140572756,10491.4502664298,586.833192984319,5280.00280504909,501.877615458739,18150.1902173913,820.231065401692,0.292391304347826,0.0106068870044299
"82",2003,"Black","BLK",0.48844537815126,0.000131301361384095,0.517343904856293,0.000247717449369381,12406.0241596639,467.506539091012,15840.5530227948,657.505867142906,27960.9900582791,789.99969558275,0.499142955090847,0.00925924565691637
"83",2003,"Canary","CAN",0.00315126050420168,1.65072520306692e-06,0.00198216055500496,1.96253134378883e-06,80.0388655462185,32.7039148715398,60.6917740336967,42.9114194640577,153.631813507028,54.3382476450972,0.00274254370929037,0.000968471099202625
"84",2003,"China","CHI",0.00262605042016807,1.37632910108187e-06,0,0,66.6990546218487,29.849309106151,0,0,96.0198834418924,42.9509748809476,0.00171408981830648,0.000766038325981709
"85",2003,"Copper","COP",0.00262605042016807,1.37632910108187e-06,0.0406342913776016,3.86737556962716e-05,66.6990546218487,29.849309106151,1244.18136769078,193.556279827266,883.38292766541,130.574149004435,0.0157696263284196,0.00230709417750016
"86",2003,"Dark","DRK",0.00315126050420168,1.65072520306692e-06,0.0247770069375619,2.3971336175375e-05,80.0388655462185,32.7039148715398,758.647175421209,151.377284602017,595.323277339733,107.101947224959,0.0106273568735002,0.00189888568863403
"87",2003,"Dusky","DUS",0.00420168067226891,2.19864768880567e-06,0.0237859266600595,2.30358693977993e-05,106.718487394958,37.7762382792826,728.301288404361,148.333234876211,614.527254028111,108.821734979639,0.0109701748371615,0.00192893551363861
"88",2003,"DuskyDrk","DUSDRK",0.111344537815126,5.19952347419138e-05,0.0852329038652131,7.73494602816631e-05,2828.03991596639,201.179344329291,2609.74628344896,279.096088974635,5722.78505313678,336.957949124363,0.102159753171066,0.00560848667395936
"89",2003,"Harleq","HAR",0.000525210084033613,2.75845632370595e-07,0,0,13.3398109243697,13.3398109243697,0,0,19.2039766883785,19.2039766883785,0.000342817963661296,0.000342817963661296
"90",2003,"Quill","QUI",0.0472689075630252,2.36650330745262e-05,0.0802775024777007,7.32470486841701e-05,1200.58298319328,128.48172976372,2458.01684836472,270.994314421822,3283.88001371272,253.494107325562,0.0586218717860816,0.00435028923617743
"91",2003,"Rougheye","REYE",0.00157563025210084,8.26667178880455e-07,0.00198216055500496,1.96253134378883e-06,40.0194327731092,23.1132042235876,60.6917740336967,42.9114194640577,96.0198834418924,42.9509748809476,0.00171408981830648,0.000766038325981709
"92",2003,"Shortrkr","SRAK",0.00210084033613445,1.10164309301972e-06,0,0,53.359243697479,26.6934319256004,0,0,76.8159067535139,38.4143783833874,0.00137127185464518,0.000685283143184329
"93",2003,"Silvergr","SGRY",0.0168067226890756,8.68326682161226e-06,0.0198216055500496,1.92745133962974e-05,426.873949579832,75.8640245210326,606.917740336967,135.46163921089,998.60678779568,138.875136492026,0.0178265341103874,0.00245038201383314
"94",2003,"Tiger","TIG",0.00105042016806723,5.5140135866408e-07,0.000991080277502478,9.82240116454388e-07,26.6796218487395,18.868597156608,30.3458870168484,30.3458870168484,57.6119300651354,33.2659729143582,0.00102845389098389,0.000593574468264239
"95",2003,"Yelleye","YEYE",0.315126050420168,0.000113411257365609,0.203171456888008,0.000160607952375012,8003.88655462185,358.951331308037,6220.90683845391,425.839424419702,15459.2012341447,568.770245944647,0.275968460747343,0.00827779578712278
"96",2004,"Black","BLK",0.548541575968655,0.000107858761063798,0.485294117647059,0.000262653771844607,20364.0574662603,784.024753369044,22604.5147058824,1009.93707852714,44349.7126153846,1265.5666043885,0.529846153846154,0.00875628793283748
"97",2004,"Canary","CAN",0,0,0.00840336134453781,8.76208713212507e-06,0,0,391.420168067227,138.306195220648,206.038153846154,72.905053375647,0.00246153846153846,0.00086934724487762
"98",2004,"China","CHI",0.00740095777100566,3.1995573149292e-06,0.00945378151260504,9.84690591768346e-06,274.753156290814,67.0038218663124,440.34768907563,146.68348427796,669.624,131.707180345093,0.008,0.00156288122465404
"99",2004,"Copper","COP",0.00609490639965172,2.63839656604147e-06,0.0378151260504202,3.82598762273512e-05,226.26730518067,60.74277308519,1761.39075630252,292.697196582528,1287.73846153846,183.153573260479,0.0153846153846154,0.00215924426450742
"100",2004,"Dark","DRK",0.0470178493687418,1.95153184710279e-05,0.0388655462184874,3.92797219091756e-05,1745.49063996517,174.042629654462,1810.31827731092,296.709411631939,3734.44153846154,315.30416248363,0.0446153846153846,0.00362206789414495
"101",2004,"Dusky","DUS",0.0161079669133653,6.90265693174355e-06,0.0546218487394958,5.42989509776818e-05,597.992163691772,99.521381986129,2544.23109243697,351.300363049514,2317.92923076923,246.859324258881,0.0276923076923077,0.00287876742261234
"102",2004,"DuskyDrk","DUSDRK",0.0065302568567697,2.82561524484073e-06,0.0168067226890756,1.73756643128582e-05,242.429255550718,62.8962134330009,782.840336134454,195.462313924414,798.397846153846,143.898334105814,0.00953846153846154,0.00170523060487491
"103",2004,"Quill","QUI",0.0326512842838485,1.37566105916654e-05,0.0588235294117647,5.82159009456445e-05,1212.14627775359,143.491308054342,2739.94117647059,364.437528506597,3373.87476923077,299.221546496062,0.0403076923076923,0.00345052452503266
"104",2004,"Redstrpe","RSTP",0.00043535045711798,1.89530020512834e-07,0,0,16.1619503700479,16.1619503700479,0,0,25.7547692307692,25.7547692307692,0.000307692307692308,0.000307692307692308
"105",2004,"Shortrkr","SRAK",0.00043535045711798,1.89530020512834e-07,0,0,16.1619503700479,16.1619503700479,0,0,25.7547692307692,25.7547692307692,0.000307692307692308,0.000307692307692308
"106",2004,"Silvergr","SGRY",0.020896821941663,8.91121288083687e-06,0.0357142857142857,3.62132234597309e-05,775.773617762299,113.772309495489,1663.53571428571,284.498811489919,2111.89107692308,235.416607899375,0.0252307692307692,0.00275132120895162
"107",2004,"Tiger","TIG",0.00565955594253374,2.45101279140552e-06,0.00735294117647059,7.67494787857619e-06,210.105354810623,58.5132065322748,342.492647058824,129.384523956062,515.095384615385,115.434285705758,0.00615384615384615,0.00137201241858449
"108",2004,"Widow","WID",0.00130605137135394,5.68094774028451e-07,0,0,48.4858511101437,28.012604939797,0,0,77.2643076923077,44.6189936777923,0.000923076923076923,0.00053277465315721
"109",2004,"Yelleye","YEYE",0.304309969525468,9.22061898836571e-05,0.245798319327731,0.000194933234009878,11297.2033086635,520.01600934563,11449.0399159664,733.590588795028,24029.1996923077,868.144061481289,0.287076923076923,0.00793680338988823
"110",2004,"Yelltail","YTAL",0.00261210274270788,1.13470368552675e-06,0.00105042016806723,1.10338252948238e-06,96.9717022202873,39.6566819047013,48.9275210084034,48.9275210084034,180.283384615385,68.1884758878627,0.00215384615384615,0.000813325291839157
"111",2005,"Black","BLK",0.575859743762643,0.000164807894248493,0.449184441656211,0.000310826355565589,18263.967633176,682.3081495583,19708.4165621079,953.4838158405,40112.7425569177,1172.17407935273,0.530647985989492,0.0104447884288789
"112",2005,"Canary","CAN",0.00269723533378287,1.81508789159046e-06,0.00501882057716437,6.27340705675703e-06,85.5455158462576,42.7871871255554,220.205771643664,110.02788254778,264.77057793345,93.6199926092739,0.00350262697022767,0.0012364656819443
"113",2005,"China","CHI",0.00944032366824005,6.30985422218551e-06,0.00125470514429109,1.57428499911053e-06,299.409305461902,80.1374135970348,55.0514429109159,55.0514429109159,496.444833625219,128.20740275711,0.00656742556917688,0.00169049473362155
"114",2005,"Copper","COP",0.00539447066756575,3.62035786355096e-06,0.0539523212045169,6.41224475391477e-05,171.091031692515,60.5374175939628,2367.21204516938,357.538255640422,1687.91243432574,236.525519972304,0.0223292469352014,0.00309229126929113
"115",2005,"Dark","DRK",0.0242751180040459,1.59823459176353e-05,0.0376411543287327,4.55079118461473e-05,769.909642616318,128.822390789258,1651.54328732748,299.537689935725,2184.35726795096,269.127918234959,0.0288966725043783,0.00350593357388707
"116",2005,"Dusky","DUS",0.0485502360080917,3.11694403452431e-05,0.082810539523212,9.54182840038776e-05,1539.81928523264,182.912771776417,3633.39523212045,440.59180236324,4567.29246935201,389.561762761898,0.0604203152364273,0.00498660934644482
"117",2005,"DuskyDrk","DUSDRK",0.00606877950101146,4.0701413065989e-06,0.0150564617314931,1.86303576527904e-05,192.47741065408,64.2168374835533,660.617314930991,190.227023808567,695.022767075306,151.710175433689,0.00919439579684764,0.00199757396472252
"118",2005,"Quill","QUI",0.0485502360080917,3.11694403452431e-05,0.067754077791719,7.93510838370762e-05,1539.81928523264,182.912771776417,2972.77791718946,399.64728547075,4170.13660245184,372.174931651774,0.0551663747810858,0.00477817374281354
"119",2005,"Silvergr","SGRY",0.0229265003371544,1.51153008903137e-05,0.0288582183186951,3.52078160228212e-05,727.136884693189,125.164917201938,1266.18318695107,262.695674661545,1886.49036777583,250.07362935142,0.0249562171628722,0.00326473910348711
"120",2005,"Tiger","TIG",0.00539447066756575,3.62035786355096e-06,0.00250941028858218,3.14461450827354e-06,171.091031692515,60.5374175939628,110.102885821832,77.8368227667542,330.963222416813,104.673354511821,0.00437828371278459,0.00138180313879134
"121",2005,"Yelleye","YEYE",0.249494268374916,0.000126347421338044,0.254705144291092,0.00023848044442556,7912.96021577883,428.107220662355,11175.4429109159,747.53262824896,19096.5779334501,801.582836912565,0.252626970227671,0.00909401386099251
"122",2005,"Yelltail","YTAL",0.00134861766689144,9.08771185748978e-07,0.00125470514429109,1.57428499911053e-06,42.7727579231288,30.2483085555166,55.0514429109159,55.0514429109159,99.2889667250438,57.3261663653051,0.00131348511383538,0.000758008742638491
"123",2006,"Black","BLK",0.56738768718802,0.000136214705668951,0.450428396572827,0.000303361098203014,18034.9850249584,644.936350624934,19394.0954712362,938.32770986884,39519.371969697,1143.34323700641,0.528030303030303,0.00971777380588465
"124",2006,"Blackgll","BGL",0,0,0.00244798041615667,2.99263211769459e-06,0,0,105.402692778458,74.5168865468765,56.6992424242424,40.0948190811394,0.000757575757575758,0.0005355854515201
"125",2006,"Canary","CAN",0.00388241819190238,2.14614041114627e-06,0.00489596083231334,5.97057647039436e-06,123.406544647809,46.6854700668187,210.805385556916,105.342977905224,311.845833333333,94.0813327871525,0.00416666666666667,0.00125391475741134
"126",2006,"China","CHI",0.00998336106489185,5.48484659641501e-06,0.011015911872705,1.33511783802914e-05,317.331114808652,74.9871469994,474.31211750306,157.865066734476,765.439772727273,147.538080106954,0.0102272727272727,0.00195851979314919
"127",2006,"Copper","COP",0.0199667221297837,1.08590744379443e-05,0.0428396572827417,5.02505159885282e-05,634.662229617304,106.333820143222,1844.54712362301,309.777563747831,2012.82310606061,239.877185393257,0.0268939393939394,0.00314910835752721
"128",2006,"Dark","DRK",0.0404880754298392,2.15587076458528e-05,0.0575275397796818,6.64437768953173e-05,1286.95396561287,152.253100774118,2476.96328029376,358.150757649102,3628.75151515151,323.168900932629,0.0484848484848485,0.0041811060230149
"129",2006,"Dusky","DUS",0.0188574597892402,1.026740066567e-05,0.025703794369645,3.06900849566765e-05,599.403216860788,103.307054990877,1106.72827417381,240.594279546826,1729.32689393939,222.211577266754,0.0231060606060606,0.00292460330603346
"130",2006,"DuskyDrk","DUSDRK",0.00443704936217415,2.45136623481231e-06,0.00244798041615667,2.99263211769459e-06,141.036051026068,49.9163783437697,105.402692778458,74.5168865468765,283.496212121212,89.6976668707623,0.00378787878787879,0.0011957881690625
"131",2006,"Quill","QUI",0.0488075429839157,2.57632445792391e-05,0.0820073439412485,9.22575238737135e-05,1551.39656128674,167.534923270225,3530.99020807833,425.970062511357,4394.19128787879,356.189282260127,0.0587121212121212,0.00457620449794457
"132",2006,"Redstrpe","RSTP",0,0,0.00122399020807834,1.49815202947165e-06,0,0,52.7013463892289,52.7013463892289,28.3496212121212,28.3496212121212,0.000378787878787879,0.000378787878787879
"133",2006,"Rougheye","REYE",0.00388241819190238,2.14614041114627e-06,0.00122399020807834,1.49815202947165e-06,123.406544647809,46.6854700668187,52.7013463892289,52.7013463892289,226.79696969697,80.2184354271775,0.00303030303030303,0.00106995204707589
"134",2006,"Shortrkr","SRAK",0.00166389351081531,9.21822957380674e-07,0,0,52.8885191347754,30.5444080627689,0,0,85.0488636363636,49.1088635872959,0.00113636363636364,0.000655831194965675
"135",2006,"Silvergr","SGRY",0.00831946755407654,4.57838735499068e-06,0.0428396572827417,5.02505159885282e-05,264.442595673877,68.4227716040356,1844.54712362301,309.777563747831,1417.48106060606,201.049318869985,0.0189393939393939,0.0026534521614487
"136",2006,"Tiger","TIG",0.00610094287298946,3.3649952103496e-06,0.00489596083231334,5.97057647039436e-06,193.924570160843,58.5585580314058,210.805385556916,105.342977905224,425.244318181818,109.889602969888,0.00568181818181818,0.00146314262109263
"137",2006,"Vermilon","VER",0.000554631170271769,3.07615735037032e-07,0,0,17.6295063782585,17.6295063782585,0,0,28.3496212121212,28.3496212121212,0.000378787878787879,0.000378787878787879
"138",2006,"Yelleye","YEYE",0.26344980587909,0.000107682578058468,0.268053855569155,0.000240442384906453,8374.01552967277,410.77124135056,11541.5948592411,747.120843317807,19759.6859848485,779.015216622708,0.264015151515152,0.00858082741924
"139",2006,"Yelltail","YTAL",0.00221852468108708,1.22841444468728e-06,0.00244798041615667,2.99263211769459e-06,70.5180255130338,35.2749590719504,105.402692778458,74.5168865468765,170.097727272727,69.4628908723314,0.00227272727272727,0.000926957640564518
"140",2007,"Black","BLK",0.70213963963964,0.000117825107654285,0.514005602240896,0.000350356021186353,26777.4994369369,890.947302833837,26121.7647058823,1325.38639562003,57638.1364913689,1717.59682829246,0.647932557205941,0.0095714593843567
"141",2007,"Canary","CAN",0.00168918918918919,9.50048354406938e-07,0,0,64.4206081081081,37.2046111059669,0,0,107.134082697712,61.8705036689218,0.00120433560818948,0.000695044185106193
"142",2007,"China","CHI",0.00563063063063063,3.15432486159551e-06,0.00560224089635854,7.81326198218473e-06,214.73536036036,67.9985298885987,284.705882352941,142.320740930089,499.959052589322,133.852767043662,0.00562023283821758,0.00149814420958584
"143",2007,"Copper","COP",0.0135135135135135,7.51036533297668e-06,0.030812324929972,4.18834860622466e-05,515.364864864865,105.567187524045,1565.88235294118,333.318266188221,1642.72260136491,243.665650758065,0.0184664793255721,0.00269801864433455
"144",2007,"Dark","DRK",0.0281531531531532,1.54143961243314e-05,0.0504201680672269,6.71500346694242e-05,1073.6768018018,152.97258891555,2562.35294117647,425.930451682667,3106.88839823364,336.918702938707,0.034925732637495,0.0036792005110477
"145",2007,"Dusky","DUS",0.0146396396396396,8.12694117794993e-06,0.0280112044817927,3.81859423636352e-05,558.311936936937,109.911125915978,1423.52941176471,317.854565520759,1642.72260136491,243.665650758065,0.0184664793255721,0.00269801864433455
"146",2007,"DuskyDrk","DUSDRK",0.0163288288288288,9.04912573403247e-06,0.0406162464985994,5.4651566646514e-05,622.732545045045,116.131840906674,2064.11764705882,382.487043249435,2071.25893215576,274.04372535244,0.02328382175833,0.00302211961858206
"147",2007,"Quill","QUI",0.0287162162162162,1.57135747281351e-05,0.0868347338935574,0.00011121243041121,1095.15033783784,154.517980638631,4412.94117647059,557.860719931999,4035.38378161381,385.284865749162,0.0453633079084705,0.00417034270952499
"148",2007,"Redstrpe","RSTP",0.000563063063063063,3.17040012985959e-07,0.00140056022408964,1.96156894130201e-06,21.473536036036,21.473536036036,71.1764705882353,71.1764705882353,71.4227217984745,50.5102732655209,0.000802890405459655,0.00056761523694439
"149",2007,"Rosethrn","ROS",0.000563063063063063,3.17040012985959e-07,0,0,21.473536036036,21.473536036036,0,0,35.7113608992373,35.7113608992373,0.000401445202729827,0.000401445202729827
"150",2007,"Rougheye","REYE",0.00112612612612613,6.33722797788272e-07,0,0,42.9470720720721,30.3728021823201,0,0,71.4227217984745,50.5102732655209,0.000802890405459655,0.00056761523694439
"151",2007,"Shortrkr","SRAK",0.00225225225225225,1.26601668284196e-06,0.00280112044817927,3.91763558543347e-06,85.8941441441441,42.9667391747453,142.352941176471,100.651140929179,214.268165395424,87.5333333407918,0.00240867121637896,0.000982348125206399
"152",2007,"Silvergr","SGRY",0.0129504504504505,7.20154156821458e-06,0.0112044817927171,1.55384872096406e-05,493.891328828829,103.328801606731,569.411764705882,201.21118863168,1107.05218787635,199.631953205246,0.0124448012846246,0.00222164671781981
"153",2007,"Tiger","TIG",0.00112612612612613,6.33722797788272e-07,0.00280112044817927,3.91763558543347e-06,42.9470720720721,30.3728021823201,142.352941176471,100.651140929179,142.845443596949,71.451493014079,0.00160578081091931,0.000802406590769467
"154",2007,"Widow","WID",0.000563063063063063,3.17040012985959e-07,0,0,21.473536036036,21.473536036036,0,0,35.7113608992373,35.7113608992373,0.000401445202729827,0.000401445202729827
"155",2007,"Yelleye","YEYE",0.168355855855856,7.8880091073182e-05,0.225490196078431,0.000244943011992906,6420.58727477477,387.838672968889,11459.4117647059,892.167545827844,16427.2260136491,811.767050688554,0.184664793255721,0.00777607564035195
"156",2007,"Yelltail","YTAL",0.00168918918918919,9.50048354406938e-07,0,0,64.4206081081081,37.2046111059669,0,0,107.134082697712,61.8705036689218,0.00120433560818948,0.000695044185106193
"157",2008,"Black","BLK",0.636207881210737,0.000132255664626332,0.378076062639821,0.000263308570547135,26139.8732153055,915.924185406129,18683.384787472,1080.68670441893,49683.1032136106,1699.25820103868,0.548960302457467,0.00967714232113527
"158",2008,"Bocaccio","BOC",0.000571102227298686,3.26157754025521e-07,0.00111856823266219,1.25119489112102e-06,23.4648772130211,23.4648772130211,55.2762863534676,55.2762863534676,68.4340264650284,48.4018102539254,0.000756143667296786,0.00053457319425815
"159",2008,"Canary","CAN",0.00228440890919475,1.30239450578876e-06,0.00447427293064877,4.98796619528649e-06,93.8595088520845,46.9530061094766,221.10514541387,110.616942073598,273.736105860113,96.9432559046866,0.00302457466918715,0.00106793213896096
"160",2008,"China","CHI",0.0119931467732724,6.77103497356981e-06,0.00894854586129754,9.93109673937939e-06,492.762421473444,107.8842543796,442.21029082774,156.557273412442,992.293383742911,185.501962313395,0.0109640831758034,0.00202516991460587
"161",2008,"Copper","COP",0.0085665334094803,4.85322737989975e-06,0.0570469798657718,6.02380984926831e-05,351.973158195317,91.0890128024278,2819.09060402685,398.565081978782,2258.32287334594,282.295958024471,0.024952741020794,0.00303348070626609
"162",2008,"Dark","DRK",0.0085665334094803,4.85322737989975e-06,0.0425055928411633,4.55754394382806e-05,351.973158195317,91.0890128024278,2100.49888143177,343.184827430204,1813.50170132325,252.20221595249,0.0200378071833648,0.00272520408725453
"163",2008,"Dusky","DUS",0.0285551113649343,1.58512668456403e-05,0.0659955257270693,6.90258861266261e-05,1173.24386065106,167.259394736559,3261.30089485459,429.339480201057,3729.65444234405,366.404980548035,0.0412098298676749,0.00386572959169142
"164",2008,"DuskyDrk","DUSDRK",0.010850942318675,6.13325678255533e-06,0.0536912751677852,5.68964413646611e-05,445.832667047402,102.584708208955,2653.26174496644,386.443949111213,2292.53988657845,284.492900081768,0.0253308128544423,0.0030557826171694
"165",2008,"Quill","QUI",0.047401484865791,2.58026194847481e-05,0.120805369127517,0.000118937773703786,1947.58480868075,216.651620794546,5969.8389261745,586.259597379797,6535.44952741021,494.041956941493,0.0722117202268431,0.00503381859879742
"166",2008,"Redstrpe","RSTP",0.00114220445459737,6.51942756332155e-07,0.00671140939597315,7.46513592373214e-06,46.9297544260423,33.1898289733813,331.657718120805,135.530064384852,273.736105860113,96.9432559046866,0.00302457466918715,0.00106793213896096
"167",2008,"Rosethrn","ROS",0.000571102227298686,3.26157754025521e-07,0,0,23.4648772130211,23.4648772130211,0,0,34.2170132325142,34.2170132325142,0.000378071833648393,0.000378071833648393
"168",2008,"Shortrkr","SRAK",0.000571102227298686,3.26157754025521e-07,0,0,23.4648772130211,23.4648772130211,0,0,34.2170132325142,34.2170132325142,0.000378071833648393,0.000378071833648393
"169",2008,"Silvergr","SGRY",0.00799543118218161,4.53228814993863e-06,0.0369127516778524,3.98098549176053e-05,328.508280982296,87.9858754696849,1824.11744966443,319.50470129571,1608.19962192817,237.163111548991,0.0177693761814745,0.00256928393012803
"170",2008,"Tiger","TIG",0.00399771559109081,2.27527649208203e-06,0.00335570469798658,3.74517798876426e-06,164.254140491148,62.1437325975259,165.828859060403,95.7785036941348,342.170132325142,108.437844174628,0.00378071833648393,0.00119353156179911
"171",2008,"Yelleye","YEYE",0.229011993146773,0.000100894571509552,0.220357941834452,0.00019238557592938,9409.41576242147,499.969312016174,10889.4284116331,804.820233614084,20461.7739130435,949.39860709919,0.226086956521739,0.00813491672518825
"172",2008,"Yelltail","YTAL",0.00171330668189606,9.77355006919903e-07,0,0,70.3946316390634,40.6557850001747,0,0,102.651039697543,59.2941289160136,0.00113421550094518,0.000654591907881018
"173",2009,"Black","BLK",0.617068645640074,8.77115561276907e-05,0.432323232323232,0.000165377260860394,24003.3532467532,704.868249955225,25878.004040404,1035.63351274454,54458.1064593301,1349.96897112117,0.551435406698565,0.00769349425020116
"174",2009,"Canary","CAN",0.000371057513914657,1.37683678632526e-07,0.00134680134680135,9.06325790386524e-07,14.4337662337662,14.4337662337662,80.616835016835,57.0059654794177,70.8782296650718,40.9289604639803,0.000717703349282297,0.000414267055643934
"175",2009,"China","CHI",0.0155844155844156,5.6947073405003e-06,0.00606060606060606,4.05921503691658e-06,606.218181818182,94.0409658577242,362.775757575758,120.946544889002,1204.92990430622,169.48459835496,0.012200956937799,0.00169822434380603
"176",2009,"Copper","COP",0.00593692022263451,2.19067305156072e-06,0.0808080808080808,5.00526515392153e-05,230.94025974026,57.8480406305066,4837.0101010101,442.711693692095,3213.14641148325,278.866161630191,0.0325358851674641,0.00274449573551627
"177",2009,"Dark","DRK",0.0608534322820037,2.1213916875094e-05,0.107070707070707,6.44249129097614e-05,2367.13766233766,188.735699674542,6409.03838383838,510.034433753617,7631.22272727273,436.79371470175,0.0772727272727273,0.00413060449443977
"178",2009,"Dusky","DUS",0.051948051948052,1.8281162526672e-05,0.0841750841750842,5.19471963471709e-05,2020.72727272727,173.854818370264,5038.55218855219,451.890197513169,6260.91028708134,393.673506270406,0.0633971291866029,0.00376943581642301
"179",2009,"DuskyDrk","DUSDRK",0.00111317254174397,4.12744390733585e-07,0.0101010101010101,6.73785693797129e-06,43.3012987012987,25.0065446456792,604.626262626263,156.161931112685,425.269377990431,100.390828420455,0.00430622009569378,0.00101291924624878
"180",2009,"Quill","QUI",0.0326530612244898,1.17248844904081e-05,0.0821548821548822,5.08123028928569e-05,1270.17142857143,136.930311779671,4917.62693602694,446.405261297295,4961.47607655502,348.780966230913,0.0502392344497608,0.00337903300186268
"181",2009,"Redstrpe","RSTP",0.000371057513914657,1.37683678632526e-07,0.000673400673400673,4.5346846693648e-07,14.4337662337662,14.4337662337662,40.3084175084175,40.3084175084175,47.2521531100478,33.4153372211704,0.000478468899521531,0.000338288121403882
"182",2009,"Shortrkr","SRAK",0.000742115027829314,2.75265142210387e-07,0,0,28.8675324675325,20.4150932579254,0,0,47.2521531100478,33.4153372211704,0.000478468899521531,0.000338288121403882
"183",2009,"Silvergr","SGRY",0.010760667903525,3.95132736814963e-06,0.0222222222222222,1.4641775648065e-05,418.579220779221,78.0118866983392,1330.17777777778,231.717273605914,1464.81674641148,187.054614501367,0.0148325358851675,0.001869935163903
"184",2009,"Tiger","TIG",0.00519480519480519,1.91826993088093e-06,0.00404040404040404,2.71164364932232e-06,202.072727272727,54.0978085168091,241.850505050505,98.7459213072559,472.521531100478,105.840290469536,0.00478468899521531,0.0010674540659545
"185",2009,"Yelleye","YEYE",0.180333951762523,5.48677125479715e-05,0.169023569023569,9.46459583140861e-05,7014.81038961039,337.749614151422,10117.4127946128,642.110026797048,17412.4184210526,682.723732391912,0.176315789473684,0.00589508115121094
"186",2009,"Yelltail","YTAL",0.0170686456400742,6.22765663551885e-06,0,0,663.953246753247,98.4681263593957,0,0,1086.7995215311,160.890166423502,0.0110047846889952,0.00161380733340226
"187",2010,"Black","BLK",0.526371681415929,8.8280642499751e-05,0.476545048399106,0.000185879184236512,25241.6276106195,756.218306965421,23761.4892032762,938.810443598877,49917.1381957773,1251.44109535046,0.51031669865643,0.00774400789012147
"188",2010,"Canary","CAN",0.000707964601769912,2.50518196845805e-07,0,0,33.9497345132743,24.0087905301545,0,0,46.936660268714,33.1918601109831,0.000479846449136276,0.000339261962605337
"189",2010,"China","CHI",0.00707964601769911,2.48920843837224e-06,0.0126582278481013,9.31296357365635e-06,339.497345132743,76.0761572373122,631.164556962025,153.078075211631,868.328214971209,143.158849577611,0.00887715930902111,0.00145307823928378
"190",2010,"Copper","COP",0.0176991150442478,6.15646472057304e-06,0.0402084884586746,2.87569045562915e-05,848.743362831858,120.69090156238,2004.87565152643,272.818302986853,2440.70633397313,241.276051624351,0.0249520153550864,0.00241631783112333
"191",2010,"Dark","DRK",0.131327433628319,4.03967913615149e-05,0.122114668652271,7.98827692639472e-05,6297.67575221239,340.308785192394,6088.88160833954,475.404336180531,12555.556621881,565.322895808196,0.128358925143954,0.00518167451458505
"192",2010,"Dusky","DUS",0.0382300884955752,1.30200243729447e-05,0.0536113179448995,3.78071121707231e-05,1833.28566371681,178.520822487405,2673.16753536858,315.019238767214,4224.29942418426,319.29465600741,0.0431861804222649,0.00314901237151568
"193",2010,"DuskyDrk","DUSDRK",0,0,0.00148920327624721,1.10803692239137e-06,0,0,74.2546537602383,52.5059302975989,46.936660268714,33.1918601109831,0.000479846449136276,0.000339261962605337
"194",2010,"Quill","QUI",0.048141592920354,1.62266217958374e-05,0.104244229337305,6.95807525984918e-05,2308.58194690266,200.94603059509,5197.82576321668,439.251201848492,6477.25911708253,398.289105762967,0.0662188099808061,0.00385213497803706
"195",2010,"Redstrpe","RSTP",0.000353982300884956,1.25303469339807e-07,0.000744601638123604,5.54431599496354e-07,16.9748672566372,16.9748672566372,37.1273268801191,37.1273268801191,46.936660268714,33.1918601109831,0.000479846449136276,0.000339261962605337
"196",2010,"Rougheye","REYE",0.000353982300884956,1.25303469339807e-07,0,0,16.9748672566372,16.9748672566372,0,0,23.468330134357,23.468330134357,0.000239923224568138,0.000239923224568138
"197",2010,"Shortrkr","SRAK",0.00106194690265487,3.75644182517992e-07,0.00148920327624721,1.10803692239137e-06,50.9246017699115,29.4079532273356,74.2546537602383,52.5059302975989,117.341650671785,52.493408984778,0.00119961612284069,0.00053622708566488
"198",2010,"Silvergr","SGRY",0.0063716814159292,2.24188494754359e-06,0.0245718540580789,1.78599687378744e-05,305.547610619469,72.155993394297,1225.20178704393,213.275197281683,1196.88483685221,168.259994520051,0.012236084452975,0.00170308396917352
"199",2010,"Tiger","TIG",0.00601769911504425,2.11809008937856e-06,0.00744601638123604,5.50713354790343e-06,288.572743362832,70.1151545888514,371.273268801191,117.406133305192,633.644913627639,122.195954200058,0.00647792706333973,0.00124278223563809
"200",2010,"Yelleye","YEYE",0.207787610619469,5.82903397636406e-05,0.154132539091586,9.71502976786637e-05,9964.24707964602,437.565753372104,7685.35666418466,534.087660508585,18633.8541266795,701.60814875792,0.190499040307102,0.00608335736652501
"201",2010,"Yelltail","YTAL",0.00849557522123894,2.9827905180238e-06,0.000744601638123604,5.54431599496354e-07,407.396814159292,83.374623034064,37.1273268801191,37.1273268801191,586.708253358925,117.564555429768,0.00599808061420345,0.00119615651614781
"202",2011,"Black","BLK",0.617596566523605,0.000101404485848802,0.460368294635709,0.000199061961482306,26638.1751072961,708.275628393287,19906.325060048,918.096199106413,48603.8580609109,1238.07587421614,0.562727018720313,0.00829287344015833
"203",2011,"Canary","CAN",0.000858369098712446,3.68240575870684e-07,0.00320256204963971,2.55793721631243e-06,37.0231759656652,26.1794964203906,138.478783026421,69.2797473206895,144.797988264878,59.13605126303,0.00167644593461861,0.000683927815247509
"204",2011,"China","CHI",0.00944206008583691,4.01584696744197e-06,0.0056044835868695,4.4656036463093e-06,407.254935622318,86.8380224229261,242.337870296237,91.7018457878883,699.856943280246,130.237185717762,0.00810282201732327,0.00149875729151166
"205",2011,"Copper","COP",0.0330472103004292,1.37205204773673e-05,0.0488390712570056,3.72226092754477e-05,1425.39227467811,162.512843615936,2111.80144115292,273.523105348065,3330.3537300922,286.44307851523,0.038558256496228,0.00321884462050351
"206",2011,"Dark","DRK",0.0935622317596567,3.6414057770635e-05,0.0600480384307446,4.52261790956446e-05,4035.52618025751,273.67721636538,2596.4771817454,304.096446841704,7070.9684269349,422.182618779183,0.081866443140542,0.00458337850021794
"207",2011,"Dusky","DUS",0.0240343347639485,1.0071569564793e-05,0.0720576461168935,5.35779981995081e-05,1036.64892703863,138.573909019386,3115.77261809448,334.063556219814,3523.41771444538,294.804710053483,0.0407935177423861,0.00330697919825873
"208",2011,"DuskyDrk","DUSDRK",0.00772532188841202,3.29138741525652e-06,0.0208166533226581,1.63327886755628e-05,333.208583690987,78.5460553062383,900.112089671737,177.382076767365,1061.85191394244,160.603910764162,0.0122939368538698,0.00184221019243123
"209",2011,"Quill","QUI",0.0347639484978541,1.44076497993528e-05,0.100080064051241,7.21667025887344e-05,1499.43862660944,166.684526900566,4327.46196957566,396.277554536517,4971.39759709416,351.743276697899,0.0575579770885722,0.00389367693272931
"210",2011,"Shortrkr","SRAK",0.00343347639484979,1.46916600888613e-06,0.00400320256204964,3.19485331033401e-06,148.092703862661,52.3608844089895,173.098478783026,77.4721461186607,313.728974573903,87.0922975068268,0.00363229952500699,0.0010057278559182
"211",2011,"Silvergr","SGRY",0.0128755364806867,5.45717348261967e-06,0.0432345876701361,3.3145318989687e-05,555.347639484979,101.409846544671,1869.46357085669,257.008730165554,2027.1718357083,222.577207156486,0.0234702430846605,0.00253093718483811
"212",2011,"Tiger","TIG",0.00300429184549356,1.2860738840707e-06,0.0056044835868695,4.4656036463093e-06,129.581115879828,48.9788275861603,242.337870296237,91.7018457878883,337.86197261805,90.3868231850675,0.00391170718077675,0.00104354677059132
"213",2011,"Yelleye","YEYE",0.151502145922747,5.51950389452767e-05,0.174539631705364,0.0001154451511775,6534.59055793991,348.537549683846,7547.09367493995,532.273428179063,13779.9418832076,601.200552326426,0.159541771444538,0.00612174314476566
"214",2011,"Yelltail","YTAL",0.00815450643776824,3.47273957171517e-06,0.00160128102481986,1.28102317620145e-06,351.72017167382,80.698886345536,69.2393915132106,48.9691570669027,506.792958927075,110.759719059093,0.00586756077116513,0.00127682316320449
"215",2012,"Black","BLK",0.56665442526625,9.02120454050058e-05,0.533243787777032,0.00016726804474075,26807.2875504958,739.661942685107,17536.7884486232,722.79241052053,44495.6588319088,1047.61350035057,0.554843304843305,0.00765859332702299
"216",2012,"Canary","CAN",0.0025706940874036,9.41985899820936e-07,0.00134318334452653,9.01464518164996e-07,121.614395886889,45.9815413868861,44.1732706514439,31.2420878537089,171.356837606838,57.1478369105854,0.00213675213675214,0.000711573828550883
"217",2012,"China","CHI",0.012853470437018,4.66137352488711e-06,0.00671591672263264,4.48307337715545e-06,608.071979434447,102.980693558473,220.86635325722,69.9821806228885,856.784188034188,128.076755351347,0.0106837606837607,0.00158429854695174
"218",2012,"Copper","COP",0.00881380829966948,3.20945080195671e-06,0.0308932169241101,2.01201788119557e-05,416.963643040764,85.2231663439472,1015.98522498321,151.274083262112,1332.77540360874,159.990739334109,0.01661918328585,0.00197003110831833
"219",2012,"Dark","DRK",0.0848329048843188,2.8521779255403e-05,0.0523841504365346,3.33602494755222e-05,4013.27506426735,267.47229971885,1722.75755540631,198.339621833911,5883.25142450142,341.14335734733,0.0733618233618234,0.0040178852768641
"220",2012,"Dusky","DUS",0.0539845758354756,1.87620284376706e-05,0.0617864338482203,3.89575742207929e-05,2553.90231362468,212.37727680498,2031.97044996642,216.045696287093,4550.47602089269,298.743322012645,0.0567426400759734,0.00356514542521292
"221",2012,"DuskyDrk","DUSDRK",0.00146896804994491,5.38872219990138e-07,0.00470114170584285,3.14451678259706e-06,69.493940506794,34.7528746866345,154.606447280054,58.5128022080309,209.436134852802,63.1872934103146,0.00261158594491928,0.000786487274623386
"222",2012,"Quill","QUI",0.0705104663973559,2.40774212071209e-05,0.0745466756212223,4.63638903058109e-05,3335.70914432611,243.324772253516,2451.61652115514,238.259983396475,5769.01353276353,337.691649949983,0.0719373219373219,0.00398174245916479
"223",2012,"Redstrpe","RSTP",0.00183621006243114,6.73342540425338e-07,0,0,86.8674256334925,38.8570953095507,0,0,95.1982431149098,42.5847170053688,0.00118708452041785,0.000530628136839363
"224",2012,"Rougheye","REYE",0,0,0.000671591672263264,4.51035374253367e-07,0,0,22.086635325722,22.086635325722,19.039648622982,19.039648622982,0.000237416904083571,0.000237416904083571
"225",2012,"Shortrkr","SRAK",0.00293793609988983,1.07615893878133e-06,0,0,138.987881013588,49.1591180130578,0,0,152.317188983856,53.8760932573702,0.00189933523266857,0.000670958044014641
"226",2012,"Silvergr","SGRY",0.0183621006243114,6.62194485120282e-06,0.0322364002686367,2.09658701386807e-05,868.674256334925,123.189612114485,1060.15849563465,154.594296778257,1865.88556505223,189.635616469471,0.0232668566001899,0.00232308017345817
"227",2012,"Tiger","TIG",0.00367242012486228,1.34420773522733e-06,0.00604432505036938,4.03749407597772e-06,173.734851266985,54.9677863246704,198.779717931498,66.3763809182084,361.753323836657,83.0863242919522,0.00451092117758784,0.00103266212448132
"228",2012,"Yelleye","YEYE",0.165258905618803,5.06790594167812e-05,0.190732034922767,0.000103732073774857,7818.06830701432,377.804820923743,6272.60443250504,394.697204072443,13975.1020892688,539.212376918152,0.174264007597341,0.00584563689705734
"229",2012,"Yelltail","YTAL",0.00624311421226588,2.2792570673029e-06,0.00470114170584285,3.14451678259706e-06,295.349247153874,71.6976093210271,154.606447280054,58.5128022080309,456.951566951567,93.410423051821,0.0056980056980057,0.00115991983250025
"230",2013,"Black","BLK",0.583228247162673,7.66550169896654e-05,0.526259946949602,0.0001323303689948,30102.7427490542,743.302588188481,22865.4684350133,868.728068524296,53424.7668578208,1163.93732585998,0.561993276646233,0.0069775413008421
"231",2013,"Canary","CAN",0.00189155107187894,5.95387293100414e-07,0.00212201591511936,1.12394530975337e-06,97.6305170239596,39.8643865236385,92.1994694960212,46.1298633402301,187.982993869883,59.4782903833571,0.00197745699031046,0.000624769997894721
"232",2013,"China","CHI",0.0119798234552333,3.73267337912795e-06,0.013262599469496,6.94623297495103e-06,618.326607818411,100.434152357728,576.246684350133,115.850537532413,1184.29286138026,149.773932200947,0.0124579790389559,0.00155990466716811
"233",2013,"Copper","COP",0.005359394703657,1.68106956545803e-06,0.0530503978779841,2.6664571742554e-05,276.619798234552,67.1272870455115,2304.98673740053,235.419000201343,2199.40102827763,204.778144388471,0.0231362467866324,0.0021142674274085
"234",2013,"Dark","DRK",0.109394703656999,3.07245356256059e-05,0.0854111405835544,4.14628862249314e-05,5646.29823455233,306.716460841721,3711.02864721485,302.495890454236,9549.53608859007,436.685464663738,0.100454815107771,0.0042275946369123
"235",2013,"Dusky","DUS",0.0680958385876419,2.00122344227965e-05,0.0535809018567639,2.69161299431952e-05,3514.69861286255,240.917407171862,2328.03660477454,236.642588110457,5959.0609056753,341.127765944853,0.0626853865928416,0.00340896322089367
"236",2013,"DuskyDrk","DUSDRK",0.005359394703657,1.68106956545803e-06,0.00530503978779841,2.80090039312542e-06,276.619798234552,67.1272870455115,230.498673740053,73.0328999097502,507.554083448685,97.8346756423564,0.00533913387383824,0.00102487143405988
"237",2013,"Northern","NOR",0,0,0.000530503978779841,2.81434471501242e-07,0,0,23.0498673740053,23.0498673740053,18.7982993869883,18.7982993869883,0.000197745699031046,0.000197745699031046
"238",2013,"Quill","QUI",0.0453972257250946,1.36664514732133e-05,0.0917771883289125,4.42431719911634e-05,2343.13240857503,196.22478247342,3987.62705570292,314.332059200166,5959.0609056753,341.127765944853,0.0626853865928416,0.00340896322089367
"239",2013,"Redstrpe","RSTP",0.00157629255989912,4.96312791442675e-07,0.0026525198938992,1.40418473042021e-06,81.358764186633,36.3897808320286,115.249336870027,51.58597848623,187.982993869883,59.4782903833571,0.00197745699031046,0.000624769997894721
"240",2013,"Rougheye","REYE",0.000630517023959647,1.98713173207866e-07,0,0,32.5435056746532,23.0125297500922,0,0,37.5965987739767,26.586442582788,0.000395491398062092,0.000279626992382175
"241",2013,"Shortrkr","SRAK",0.000630517023959647,1.98713173207866e-07,0,0,32.5435056746532,23.0125297500922,0,0,37.5965987739767,26.586442582788,0.000395491398062092,0.000279626992382175
"242",2013,"Silvergr","SGRY",0.00851197982345523,2.66147146734164e-06,0.0148541114058355,7.76723289818395e-06,439.337326607818,84.6265365045129,645.396286472149,122.683983990554,1033.90646628436,139.87349796086,0.0108760134467075,0.00145866882822593
"243",2013,"Tiger","TIG",0.00472887767969735,1.48423695855812e-06,0.00212201591511936,1.12394530975337e-06,244.076292559899,63.0507478113312,92.1994694960212,46.1298633402301,357.167688352778,82.0304185367132,0.00375716828158988,0.000860417818738862
"244",2013,"Yelleye","YEYE",0.141866330390921,3.83917611770214e-05,0.141644562334218,6.45336413457354e-05,7322.28877679697,350.497509372517,6154.31458885942,397.872033198203,13478.3806604706,525.027069701986,0.14178366620526,0.00490577873457556
"245",2013,"Yelltail","YTAL",0.0113493064312736,3.53847356505919e-06,0.00742705570291777,3.91289519453478e-06,585.783102143758,97.7486778215439,322.698143236074,86.4886914420511,939.914969349417,133.323458764103,0.0098872849515523,0.00139148109922251
"246",2014,"Black","BLK",0.628860028860029,6.73773363054828e-05,0.476683937823834,0.000161669709166946,37462.4496392496,964.166802566384,24339.0051813471,1026.63642017617,64381.9854262328,1474.96871156451,0.581952485526053,0.00696986596518929
"247",2014,"Bocaccio","BOC",0.000288600288600289,8.32901265801699e-08,0,0,17.1924963924964,17.1924963924964,0,0,22.0864444000799,22.0864444000799,0.000199640646835696,0.000199640646835696
"248",2014,"Canary","CAN",0.00115440115440115,3.32871972394882e-07,0.000647668393782383,4.19474348304652e-07,68.7699855699856,34.3954900185738,33.0693005181347,33.0693005181347,110.432222000399,49.4047508812473,0.000998203234178479,0.000446231743006707
"249",2014,"China","CHI",0.00923520923520924,2.64143191269952e-06,0.00518134715025907,3.34057083082798e-06,550.159884559885,97.5618140473677,264.554404145078,93.6718566037595,883.457776003194,140.181435177899,0.00798562587342783,0.00125771228278548
"250",2014,"Copper","COP",0.00894660894660895,2.55963254473597e-06,0.0433937823834197,2.69026325559819e-05,532.967388167388,96.0155990967396,2215.64313471503,274.419514781171,2164.47155120783,220.564718661261,0.0195647833898982,0.00195710809430967
"251",2014,"Dark","DRK",0.0683982683982684,1.83949033713588e-05,0.0628238341968912,3.81574854528145e-05,4074.62164502165,270.957897609095,3207.72215025907,332.212644996934,7376.87242962667,415.687169210487,0.0666799760431224,0.0035251763612899
"252",2014,"Dusky","DUS",0.081962481962482,2.17218918917528e-05,0.0680051813471503,4.10761352281863e-05,4882.66897546898,297.961434060075,3472.27655440415,346.199861116617,8591.62687163106,450.719712182438,0.0776602116190857,0.00378192225364044
"253",2014,"DuskyDrk","DUSDRK",0.0158730158730159,4.5095448152745e-06,0.00971502590673575,6.23502539103513e-06,945.587301587302,128.201803644865,496.039507772021,128.453817176064,1546.05110800559,185.944239174231,0.0139748452784987,0.00165876682622185
"254",2014,"Quill","QUI",0.0531024531024531,1.45157570949639e-05,0.099740932642487,5.81935703163279e-05,3163.41933621934,237.514254261333,5092.67227979275,423.392552486172,7465.21820722699,418.312293530846,0.0674785386304652,0.00354470495215552
"255",2014,"Redstrpe","RSTP",0.00634920634920635,1.82127422862054e-06,0.000647668393782383,4.19474348304652e-07,378.234920634921,80.8121259038114,33.0693005181347,33.0693005181347,507.988221201837,106.134550680868,0.004591734877221,0.000955337583145994
"256",2014,"Rougheye","REYE",0.00115440115440115,3.32871972394882e-07,0.000647668393782383,4.19474348304652e-07,68.7699855699856,34.3954900185738,33.0693005181347,33.0693005181347,110.432222000399,49.4047508812473,0.000998203234178479,0.000446231743006707
"257",2014,"Shortrkr","SRAK",0.00346320346320346,9.96307645778267e-07,0.00129533678756477,8.38404983908975e-07,206.309956709957,59.6231938024445,66.1386010362694,46.7768987871505,309.210221601118,82.7375386461035,0.00279496905569974,0.000746016739205766
"258",2014,"Shrpchin","SHCN",0,0,0.00129533678756477,8.38404983908975e-07,0,0,66.1386010362694,46.7768987871505,44.1728888001597,31.2377892995093,0.000399281293671391,0.000282306320598996
"259",2014,"Silvergr","SGRY",0.00836940836940837,2.39588954184597e-06,0.0142487046632124,9.10283802892611e-06,498.582395382395,92.8478954618148,727.524611398964,155.793061203887,1126.40866440407,158.444257833402,0.0101816729886205,0.0014185843275476
"260",2014,"Tiger","TIG",0.00490620490620491,1.40939204954481e-06,0.0038860103626943,2.50869039932296e-06,292.272438672439,71.001818916806,198.415803108808,81.0881410561432,507.988221201837,106.134550680868,0.004591734877221,0.000955337583145994
"261",2014,"Yelleye","YEYE",0.0929292929292929,2.43341337889592e-05,0.207253886010363,0.000106480695232642,5535.98383838384,318.427967461654,10582.1761658031,630.041523353449,14179.4973048513,591.339504548259,0.128169295268517,0.00472363050074892
"262",2014,"Yelltail","YTAL",0.015007215007215,4.26732058456762e-06,0.00453367875647668,2.92490247142564e-06,894.009812409812,124.618712616295,231.485103626943,87.603602531261,1303.10021960471,170.541577307873,0.011778798163306,0.00152456313317343
"263",2015,"Black","BLK",0.655133928571429,8.40839092690714e-05,0.528248587570621,0.000140871688694327,44515.6953125,1048.19843997999,25903.197740113,1032.23225388248,70747.3216689098,1541.7683089279,0.604755495737999,0.00732321044955452
"264",2015,"Canary","CAN",0,0,0.000564971751412429,3.19193079894028e-07,0,0,27.7039548022599,27.7039548022599,26.2415881561238,26.2415881561238,0.000224315836698071,0.000224315836698071
"265",2015,"China","CHI",0.00967261904761905,3.56496445417889e-06,0.00847457627118644,4.7500044252178e-06,657.244791666667,128.874685901522,415.559322033898,107.686080526403,1075.90511440108,168.377406585876,0.00919694930462091,0.00142986240264192
"266",2015,"Copper","COP",0.00446428571428571,1.65402153604278e-06,0.0225988700564972,1.24862414520445e-05,303.34375,87.5613347470955,1108.1581920904,176.979669935115,1364.56258411844,189.732134166382,0.0116644235082997,0.00160828324323442
"267",2015,"Dark","DRK",0.0461309523809524,1.63762142215775e-05,0.0644067796610169,3.40636214780747e-05,3134.55208333333,281.258686001144,3158.25084745763,304.347977867464,6245.49798115747,409.796045735282,0.0533871691341409,0.00336731172702974
"268",2015,"Dusky","DUS",0.0699404761904762,2.42087108227487e-05,0.101129943502825,5.13864771226344e-05,4752.38541666667,346.168182566277,4959.00790960452,387.39724613166,9630.66285329744,512.198130118688,0.082323912068192,0.00411705236349782
"269",2015,"DuskyDrk","DUSDRK",0.00595238095238095,2.20206554275351e-06,0.0135593220338983,7.56103268506464e-06,404.458333333333,101.104406433585,664.894915254237,136.528797390412,1049.66352624495,166.302732315674,0.00897263346792283,0.00141247727810262
"270",2015,"Quill","QUI",0.0513392857142857,1.8125628379841e-05,0.0757062146892655,3.95561242208527e-05,3488.453125,296.683762727425,3712.32994350283,331.580705648406,7137.71197846568,438.845918316197,0.0610139075818753,0.00358527673382761
"271",2015,"Redstrpe","RSTP",0.00037202380952381,1.38401714852608e-07,0.000564971751412429,3.19193079894028e-07,25.2786458333333,25.2786458333333,27.7039548022599,27.7039548022599,52.4831763122476,37.1131402741739,0.000448631673396142,0.000317194908621798
"272",2015,"Rougheye","REYE",0.00037202380952381,1.38401714852608e-07,0.000564971751412429,3.19193079894028e-07,25.2786458333333,25.2786458333333,27.7039548022599,27.7039548022599,52.4831763122476,37.1131402741739,0.000448631673396142,0.000317194908621798
"273",2015,"Shortrkr","SRAK",0.00260416666666667,9.66648672362817e-07,0,0,176.950520833333,66.8783178821967,0,0,183.691117092867,69.4503822003457,0.0015702108568865,0.000593084311369773
"274",2015,"Silvergr","SGRY",0.0141369047619048,5.18684506351232e-06,0.031638418079096,1.73190664672405e-05,960.588541666667,155.789349143981,1551.42146892655,210.255687495622,2466.70928667564,255.649485876183,0.0210856886496187,0.00215201312912303
"275",2015,"Tiger","TIG",0.00558035714285714,2.06520906476193e-06,0.00451977401129944,2.54344016630086e-06,379.1796875,97.8945775332769,221.631638418079,78.5008341601945,603.556527590848,125.994176254681,0.00515926424405563,0.00107312261898493
"276",2015,"Yelleye","YEYE",0.130952380952381,4.23535001396663e-05,0.146892655367232,7.08395721686803e-05,8898.08333333333,473.151200085668,7203.02824858757,475.791786023552,16059.8519515478,669.496145395758,0.137281292059219,0.00515488486654979
"277",2015,"Yelltail","YTAL",0.00334821428571429,1.24190686520701e-06,0.00112994350282486,6.3802528575765e-07,227.5078125,75.8318668357051,55.4079096045198,39.1894748646869,288.657469717362,87.0787632489799,0.00246747420367878,0.000743136386066166
"278",2016,"Black","BLK",0.633858267716535,6.0929893453381e-05,0.632520325203252,0.000189128041829149,59578.874015748,1210.08062359304,33039.6991869919,1357.23836940196,92640.7136904762,1862.63606284722,0.633531746031746,0.00678781803422498
"279",2016,"Canary","CAN",0.0015748031496063,4.12791584312494e-07,0.0016260162601626,1.3208887968139e-06,148.022047244094,60.4295120241549,84.9349593495935,60.0701758780314,232.109523809524,82.0892694880873,0.00158730158730159,0.000560805925931016
"280",2016,"China","CHI",0.0120734908136483,3.13145750412734e-06,0.0040650406504065,3.29415467446464e-06,1134.83569553806,167.316520805092,212.337398373984,95.0366132142616,1479.69821428571,207.670530669916,0.0101190476190476,0.00140990264212677
"281",2016,"Copper","COP",0.005249343832021,1.37090790794283e-06,0.0219512195121951,1.74689694663324e-05,493.406824146982,110.327484584039,1146.62195121951,221.819580591811,1363.64345238095,199.324155862347,0.00932539682539683,0.00135402597699871
"282",2016,"Dark","DRK",0.0884514435695538,2.11677043055962e-05,0.0691056910569106,5.2343445500779e-05,8313.90498687664,452.768535524531,3609.73577235772,398.097151474233,12243.7773809524,607.339228747667,0.0837301587301587,0.00390193898627158
"283",2016,"Dusky","DUS",0.0706036745406824,1.72273026206447e-05,0.0845528455284553,6.29810104487359e-05,6636.3217847769,404.539075542822,4416.61788617886,441.974574930129,10822.106547619,569.762728652464,0.0740079365079365,0.0036878275187772
"284",2016,"DuskyDrk","DUSDRK",0.0167979002624672,4.33597553406128e-06,0.0032520325203252,2.63747502425708e-06,1578.90183727034,197.353029463156,169.869918699187,84.986243243666,1972.93095238095,239.982038322192,0.0134920634920635,0.00162523924474435
"285",2016,"Quill","QUI",0.0482939632545932,1.20665939532048e-05,0.0479674796747967,3.71575269067898e-05,4539.34278215223,334.597011473489,2505.58130081301,329.985951682811,7050.32678571429,457.236763784471,0.0482142857142857,0.00301776404886192
"286",2016,"Redstrpe","RSTP",0.0031496062992126,8.24280986971005e-07,0,0,296.044094488189,85.459835450156,0,0,348.164285714286,100.556715653858,0.00238095238095238,0.00068657113682431
"287",2016,"Rosethrn","ROS",0,0,0.000813008130081301,6.60982219578293e-07,0,0,42.4674796747967,42.4674796747967,29.0136904761905,29.0136904761905,0.000198412698412698,0.000198412698412698
"288",2016,"Shortrkr","SRAK",0.0020997375328084,5.5009940538244e-07,0,0,197.362729658793,69.7778811962608,0,0,232.109523809524,82.0892694880873,0.00158730158730159,0.000560805925931016
"289",2016,"Silvergr","SGRY",0.00866141732283465,2.25423921575068e-06,0.0113821138211382,9.15586762091201e-06,814.12125984252,141.716782627391,594.544715447155,159.314096374068,1363.64345238095,199.324155862347,0.00932539682539683,0.00135402597699871
"290",2016,"Tiger","TIG",0.0036745406824147,9.61154747489624e-07,0.0032520325203252,2.63747502425708e-06,345.384776902887,92.3070282553501,169.869918699187,84.986243243666,522.246428571429,123.189940455458,0.00357142857142857,0.000840372613822618
"291",2016,"Yelleye","YEYE",0.100787401574803,2.37934631815706e-05,0.115447154471545,8.30912196875248e-05,9473.41102362205,483.293514936344,6030.38211382114,520.225727461157,15261.2011904762,681.146062951074,0.104365079365079,0.00430696094672179
"292",2016,"Yelltail","YTAL",0.0047244094488189,1.23446820797553e-06,0.0040650406504065,3.29415467446464e-06,444.066141732283,104.666005250371,212.337398373984,95.0366132142616,667.314880952381,139.28413167242,0.00456349206349206,0.000949474385221532
